WindSpeed,WaveHeight
19.200000000000003,7.4
13.4,6.2
0.6000000000000001,2.8000000000000003
0.0,2.6
0.0,0.2
7.2,0.2
34.6,0.4
35.800000000000004,0.6000000000000001
36.4,0.8
36.2,1.0
30.0,5.2
29.6,5.4
29.0,5.6000000000000005
26.6,6.2
24.6,6.6000000000000005
22.200000000000003,7.0
20.8,7.2
